{
    "Name": "MimecastAudit",
    "Author": "Mimecast - dlapi@mimecast.com",
    "Logo": "<img src=\"https://raw.githubusercontent.com/mimecast/Azure-Sentinel/mimecast_audit_connector/Solutions/MimecastAudit/Data%20Connectors/Logo/Mimecast.svg\" width=\"75px\" height=\"75px\">",
    "Description": "The data connector for Mimecast Audit & Authentication provides customers with the visibility into security events related to audit and authentication events within Azure Sentinel. The data connector provides pre-created dashboards to allow analysts to view insight into user activity, aid in incident correlation and reduce investigation response times coupled with custom alert capabilities.  \nThe Mimecast products included within the connector are: \nAudit & Authentication\n\n\nMicrosoft Sentinel Solutions provide a consolidated way to acquire Microsoft Sentinel content like data connectors, workbooks, analytics, and automations in your workspace with a single deployment step.",
    "Analytic Rules": [
        "Analytic Rules/MimecastAudit.yaml"
    ],
    "Workbooks": [
        "Workbooks/MimecastAudit.json"
    ],
    "Data Connectors": [
        "Data Connectors/MimecastAudit_API_AzureFunctionApp.json"
    ],
    "BasePath": "C:\\Azure-Sentinel\\Solutions\\MimecastAudit",
    "Version": "3.0.0",
    "Metadata": "SolutionMetadata.json",
    "TemplateSpec": true,
    "Is1PConnector": false
}